-- --------------------------------------------------------
-- M√°y ch·ªß:                      127.0.0.1
-- Server version:               8.4.3 - MySQL Community Server - GPL
-- Server OS:                    Win64
-- HeidiSQL Phi√™n b·∫£n:           12.8.0.6908
-- --------------------------------------------------------

/*!40101 SET @OLD_CHARACTER_SET_CLIENT=@@CHARACTER_SET_CLIENT */;
/*!40101 SET NAMES utf8 */;
/*!50503 SET NAMES utf8mb4 */;
/*!40103 SET @OLD_TIME_ZONE=@@TIME_ZONE */;
/*!40103 SET TIME_ZONE='+00:00' */;
/*!40014 SET @OLD_FOREIGN_KEY_CHECKS=@@FOREIGN_KEY_CHECKS, FOREIGN_KEY_CHECKS=0 */;
/*!40101 SET @OLD_SQL_MODE=@@SQL_MODE, SQL_MODE='NO_AUTO_VALUE_ON_ZERO' */;
/*!40111 SET @OLD_SQL_NOTES=@@SQL_NOTES, SQL_NOTES=0 */;

-- Dumping structure for table coffee.blog_posts
CREATE TABLE IF NOT EXISTS `blog_posts` (
  `id` int NOT NULL AUTO_INCREMENT,
  `title` varchar(255) NOT NULL,
  `content` text NOT NULL,
  `image_url` varchar(255) DEFAULT NULL,
  `author` varchar(100) NOT NULL DEFAULT 'ADMIN',
  `created_at` datetime DEFAULT CURRENT_TIMESTAMP,
  PRIMARY KEY (`id`)
) ENGINE=InnoDB AUTO_INCREMENT=9 DEFAULT CHARSET=utf8mb4 COLLATE=utf8mb4_0900_ai_ci;

-- Dumping data for table coffee.blog_posts: ~0 rows (approximately)
INSERT INTO `blog_posts` (`id`, `title`, `content`, `image_url`, `author`, `created_at`) VALUES
	(1, 'H√†nh Tr√¨nh T·ª´ H·∫°t C√† Ph√™ ƒê·∫øn T√°ch C√† Ph√™ ƒê·∫≠m ƒê√†', 'M·ªói t√°ch c√† ph√™ b·∫°n th∆∞·ªüng th·ª©c t·∫°i HIGHBUCKS ƒë·ªÅu b·∫Øt ƒë·∫ßu t·ª´ m·ªôt h√†nh tr√¨nh d√†i v√† k·ª≥ c√¥ng. Ch√∫ng t√¥i l·ª±a ch·ªçn nh·ªØng h·∫°t c√† ph√™ Arabica v√† Robusta ch·∫•t l∆∞·ª£ng nh·∫•t t·ª´ nh·ªØng v√πng cao nguy√™n tr·ª© danh c·ªßa Vi·ªát Nam. H·∫°t c√† ph√™ ƒë∆∞·ª£c h√°i ch√≠n, l·ª±a ch·ªçn c·∫©n th·∫≠n v√† s∆° ch·∫ø theo quy tr√¨nh nghi√™m ng·∫∑t ƒë·ªÉ gi·ªØ l·∫°i h∆∞∆°ng v·ªã nguy√™n b·∫£n.\n\nT·∫°i x∆∞·ªüng rang c·ªßa ch√∫ng t√¥i, nh·ªØng ng∆∞·ªùi th·ª£ rang t√†i hoa s·∫Ω bi·∫øn nh·ªØng h·∫°t c√† ph√™ xanh th√†nh nh·ªØng h·∫°t n√¢u b√≥ng, t·ªèa h∆∞∆°ng th∆°m n·ªìng n√†n. Qu√° tr√¨nh rang ƒë∆∞·ª£c ki·ªÉm so√°t nhi·ªát ƒë·ªô v√† th·ªùi gian m·ªôt c√°ch ch√≠nh x√°c ƒë·ªÉ ph√°t tri·ªÉn t·ªëi ƒëa ti·ªÅm nƒÉng h∆∞∆°ng v·ªã c·ªßa t·ª´ng lo·∫°i h·∫°t. Cu·ªëi c√πng, c√°c barista chuy√™n nghi·ªáp c·ªßa ch√∫ng t√¥i s·∫Ω xay v√† pha ch·∫ø ƒë·ªÉ t·∫°o ra nh·ªØng t√°ch c√† ph√™ ƒë·∫≠m ƒë√†, ƒë√°nh th·ª©c m·ªçi gi√°c quan c·ªßa b·∫°n.', '1.jpg', 'ADMIN', '2025-11-12 14:02:12'),
	(2, 'Ngh·ªá Thu·∫≠t Pha Ch·∫ø: B√≠ Quy·∫øt ƒê·∫±ng Sau Ly Espresso Ho√†n H·∫£o', 'Espresso ƒë∆∞·ª£c m·ªánh danh l√† \'linh h·ªìn\' c·ªßa m·ªçi lo·∫°i c√† ph√™. ƒê·ªÉ t·∫°o ra m·ªôt ly espresso ho√†n h·∫£o, kh√¥ng ch·ªâ c·∫ßn h·∫°t c√† ph√™ ngon m√† c√≤n ƒë√≤i h·ªèi k·ªπ thu·∫≠t v√† s·ª± ch√≠nh x√°c tuy·ªát ƒë·ªëi. Barista c·ªßa ch√∫ng t√¥i ph·∫£i ƒëi·ªÅu ch·ªânh ƒë·ªô m·ªãn c·ªßa b·ªôt c√† ph√™, l·ª±c n√©n, nhi·ªát ƒë·ªô n∆∞·ªõc v√† √°p su·∫•t m√°y pha m·ªôt c√°ch ho√†n h·∫£o.\n\nM·ªôt shot espresso chu·∫©n ph·∫£i c√≥ l·ªõp crema m√†u caramel d√†y m·ªãn ·ªü tr√™n, v·ªã ƒë·∫Øng ƒë·∫≠m nh∆∞ng kh√¥ng g·∫Øt, xen l·∫´n v·ªã chua thanh v√† h·∫≠u v·ªã ng·ªçt ng√†o. ƒê√≥ l√† k·∫øt qu·∫£ c·ªßa s·ª± c√¢n b·∫±ng gi·ªØa khoa h·ªçc v√† ngh·ªá thu·∫≠t, m·ªôt ni·ªÅm ƒëam m√™ m√† ch√∫ng t√¥i lu√¥n theo ƒëu·ªïi m·ªói ng√†y.', '2.jpg', 'ADMIN', '2025-11-12 14:02:12'),
	(3, 'Kh√¥ng Gian HIGHBUCKS: N∆°i G·∫∑p G·ª° V√† Kh∆°i Ngu·ªìn S√°ng T·∫°o', 'Ch√∫ng t√¥i tin r·∫±ng m·ªôt qu√°n c√† ph√™ kh√¥ng ch·ªâ l√† n∆°i ƒë·ªÉ u·ªëng. ƒê√≥ l√† m·ªôt kh√¥ng gian ƒë·ªÉ g·∫∑p g·ª° b·∫°n b√®, l√†m vi·ªác, ƒë·ªçc s√°ch hay ƒë∆°n gi·∫£n l√† t√¨m m·ªôt g√≥c y√™n tƒ©nh cho ri√™ng m√¨nh. HIGHBUCKS ƒë∆∞·ª£c thi·∫øt k·∫ø v·ªõi kh√¥ng gian ·∫•m c√∫ng, √°nh s√°ng d·ªãu nh·∫π v√† nh·ªØng b·∫£n nh·∫°c du d∆∞∆°ng, t·∫°o n√™n m·ªôt b·∫ßu kh√¥ng kh√≠ l√Ω t∆∞·ªüng ƒë·ªÉ b·∫°n th∆∞ gi√£n v√† kh∆°i ngu·ªìn s√°ng t·∫°o.\n\nH√£y ƒë·∫øn v·ªõi ch√∫ng t√¥i, ch·ªçn m·ªôt g√≥c y√™u th√≠ch, g·ªçi m·ªôt t√°ch c√† ph√™ quen thu·ªôc v√† ƒë·ªÉ th·ªùi gian tr√¥i ch·∫≠m l·∫°i. HIGHBUCKS lu√¥n s·∫µn s√†ng ch√†o ƒë√≥n b·∫°n.', '3.jpg', 'ADMIN', '2025-11-12 14:02:12'),
	(4, 'C√°ch Nh·∫≠n Bi·∫øt C√† Ph√™ S·∫°ch V√† Nguy√™n Ch·∫•t', 'L√†m th·∫ø n√†o ƒë·ªÉ ph√¢n bi·ªát c√† ph√™ th·∫≠t v√† c√† ph√™ pha t·∫°p? C√πng HIGHBUCKS t√¨m hi·ªÉu m·ªôt v√†i m·∫πo nh·ªè. C√† ph√™ nguy√™n ch·∫•t th∆∞·ªùng c√≥ m√πi th∆°m d·ªãu, kh√¥ng qu√° n·ªìng. B·ªôt c√† ph√™ s·∫°ch c√≥ ƒë·ªô x·ªëp, nh·∫π v√† kh√¥ng b·ªã v√≥n c·ª•c. Khi pha, n∆∞·ªõc c√† ph√™ c√≥ m√†u n√¢u c√°nh gi√°n, kh√¥ng ph·∫£i m√†u ƒëen k·ªãt. H√£y l√† ng∆∞·ªùi ti√™u d√πng th√¥ng th√°i ƒë·ªÉ b·∫£o v·ªá s·ª©c kh·ªèe c·ªßa b·∫°n.', '4.jpg', 'ADMIN', '2025-11-12 14:02:12'),
	(5, 'Th·∫ø Gi·ªõi B√°nh Ng·ªçt T·∫°i HIGHBUCKS', 'Kh√°m ph√° th·ª±c ƒë∆°n b√°nh ng·ªçt ƒëa d·∫°ng, ƒë∆∞·ª£c l√†m th·ªß c√¥ng m·ªói ng√†y t·ª´ nh·ªØng nguy√™n li·ªáu t∆∞∆°i ngon nh·∫•t. T·ª´ chi·∫øc b√°nh Tiramisu m·ªÅm m·ªãn, b√©o ng·∫≠y ƒë·∫øn nh·ªØng chi·∫øc Mousse chanh leo chua d·ªãu, m·ªói lo·∫°i b√°nh ƒë·ªÅu mang m·ªôt c√¢u chuy·ªán ri√™ng. B√°nh ng·ªçt t·∫°i HIGHBUCKS l√† s·ª± k·∫øt h·ª£p ho√†n h·∫£o c√πng v·ªõi ly c√† ph√™ c·ªßa b·∫°n.', '5.jpg', 'ADMIN', '2025-11-12 14:02:12'),
	(6, 'M√≥n ƒÇn V·∫∑t Ho√†n H·∫£o Cho Bu·ªïi Chi·ªÅu', 'T·ª´ kh√¥ g√† l√° chanh ƒë·∫øn c∆°m ch√°y gi√≤n r·ª•m, ƒë√¢u l√† m√≥n ƒÉn v·∫∑t ƒë∆∞·ª£c y√™u th√≠ch nh·∫•t t·∫°i qu√°n? Th·ª±c ƒë∆°n ƒë·ªì ƒÉn v·∫∑t c·ªßa ch√∫ng t√¥i ƒë∆∞·ª£c l·ª±a ch·ªçn k·ªπ l∆∞·ª°ng ƒë·ªÉ ph√π h·ª£p v·ªõi kh·∫©u v·ªã c·ªßa nhi·ªÅu ng∆∞·ªùi, l√† nh·ªØng m√≥n \'nh√¢m nhi\' tuy·ªát v·ªùi b√™n c·∫°nh c√¢u chuy·ªán c√πng b·∫°n b√® v√† ng∆∞·ªùi th√¢n. H√£y th·ª≠ v√† c·∫£m nh·∫≠n nh√©!', '6.jpg', 'ADMIN', '2025-11-12 14:02:12'),
	(7, 'B√†i vi·∫øt 1', 'B√†i vi·∫øt 1B√†i vi·∫øt 1B√†i vi·∫øt 1B√†i vi·∫øt 1B√†i vi·∫øt 1B√†i vi·∫øt 1B√†i vi·∫øt 1B√†i vi·∫øt 1B√†i vi·∫øt 1B√†i vi·∫øt 1B√†i vi·∫øt 1', 'blog_img_69143b754713f0.95063969.jpg', 'Qu·∫£n l√Ω', '2025-11-12 14:47:01'),
	(8, 'L·ªói n·ªôi b·ªô: C√¢u l·ªánh SQL tr·ªëng.', 'L·ªói n·ªôi b·ªô: C√¢u l·ªánh SQL tr·ªëng.', 'blog_img_69143b7e037819.56634914.jpg', 'Qu·∫£n l√Ω', '2025-11-12 14:47:10');

-- Dumping structure for table coffee.chitietdonhang
CREATE TABLE IF NOT EXISTS `chitietdonhang` (
  `idChiTiet` int NOT NULL AUTO_INCREMENT,
  `idDonHang` int DEFAULT NULL,
  `idSanPham` int DEFAULT NULL,
  `SoLuong` int DEFAULT NULL,
  `DonGia` decimal(10,0) DEFAULT NULL,
  PRIMARY KEY (`idChiTiet`)
) ENGINE=InnoDB AUTO_INCREMENT=13 DEFAULT CHARSET=utf8mb4 COLLATE=utf8mb4_0900_ai_ci;

-- Dumping data for table coffee.chitietdonhang: ~12 rows (approximately)
INSERT INTO `chitietdonhang` (`idChiTiet`, `idDonHang`, `idSanPham`, `SoLuong`, `DonGia`) VALUES
	(1, 1, 4, 1, 25000),
	(2, 2, 3, 1, 25000),
	(3, 3, 3, 1, 25000),
	(4, 4, 3, 3, 25000),
	(5, 4, 4, 1, 25000),
	(6, 4, 1, 1, 25000),
	(7, 5, 2, 11, 25000),
	(8, 6, 1, 1, 25000),
	(9, 6, 17, 1, 15000),
	(10, 6, 18, 2, 15000),
	(11, 6, 10, 1, 20000),
	(12, 6, 26, 1, 20000);

-- Dumping structure for table coffee.donhang
CREATE TABLE IF NOT EXISTS `donhang` (
  `idDonHang` int NOT NULL AUTO_INCREMENT,
  `idTaiKhoan` int DEFAULT NULL,
  `TenNguoiNhan` varchar(255) DEFAULT NULL,
  `SoDienThoaiNhan` varchar(11) DEFAULT NULL,
  `DiaChiNhan` varchar(255) DEFAULT NULL,
  `NgayDat` datetime DEFAULT CURRENT_TIMESTAMP,
  `TongTien` decimal(10,0) DEFAULT NULL,
  `TrangThai` varchar(255) DEFAULT 'ƒê·ª£i x√°c nh·∫≠n',
  PRIMARY KEY (`idDonHang`)
) ENGINE=InnoDB AUTO_INCREMENT=7 DEFAULT CHARSET=utf8mb4 COLLATE=utf8mb4_0900_ai_ci;

-- Dumping data for table coffee.donhang: ~6 rows (approximately)
INSERT INTO `donhang` (`idDonHang`, `idTaiKhoan`, `TenNguoiNhan`, `SoDienThoaiNhan`, `DiaChiNhan`, `NgayDat`, `TongTien`, `TrangThai`) VALUES
	(1, NULL, 'Nguy·ªÖn VƒÉn B·∫£o Long', '35253253', '2312312312', '2025-07-13 18:46:23', 55000, 'ƒê·ª£i x√°c nh·∫≠n'),
	(2, NULL, 'L√™ M·ªπ Dung', '35253253', 'adadadad', '2025-07-13 18:53:40', 55000, 'ƒê·ª£i x√°c nh·∫≠n'),
	(3, NULL, 'L√™ M·ªπ Dung', '312312312', '1313131', '2025-07-13 18:56:39', 55000, 'ƒê√£ ho√†n th√†nh'),
	(4, NULL, 'L√™ M·ªπ Dung', '01234567', 'nh√†', '2025-07-13 19:13:24', 155000, 'ƒê√£ ho√†n th√†nh'),
	(5, 2, 'L√™ M·ªπ Dung', '0769226116', 'aaaaaaaa', '2025-07-16 16:32:24', 305000, 'ƒê√£ ho√†n th√†nh'),
	(6, NULL, 'Qu·∫£n l√Ω', '01234567', 'adadadad', '2025-07-21 19:27:58', 140000, 'ƒê√£ ho√†n th√†nh');

-- Dumping structure for table coffee.khuyenmai
CREATE TABLE IF NOT EXISTS `khuyenmai` (
  `idKhuyenMai` int NOT NULL AUTO_INCREMENT,
  `MaCode` varchar(50) NOT NULL,
  `LoaiGiamGia` enum('PhanTram','SoTien') NOT NULL,
  `GiaTri` decimal(10,2) NOT NULL,
  `NgayBatDau` datetime NOT NULL,
  `NgayKetThuc` datetime NOT NULL,
  `TrangThai` enum('HoatDong','KhongHoatDong') NOT NULL DEFAULT 'HoatDong',
  PRIMARY KEY (`idKhuyenMai`),
  UNIQUE KEY `MaCode` (`MaCode`)
) ENGINE=InnoDB AUTO_INCREMENT=2 DEFAULT CHARSET=utf8mb4 COLLATE=utf8mb4_0900_ai_ci;

-- Dumping data for table coffee.khuyenmai: ~0 rows (approximately)
INSERT INTO `khuyenmai` (`idKhuyenMai`, `MaCode`, `LoaiGiamGia`, `GiaTri`, `NgayBatDau`, `NgayKetThuc`, `TrangThai`) VALUES
	(1, 'hello50', 'SoTien', 50000.00, '2025-11-12 13:59:00', '2025-11-13 13:59:00', 'HoatDong');

-- Dumping structure for table coffee.phanloai
CREATE TABLE IF NOT EXISTS `phanloai` (
  `idPhanLoai` int NOT NULL,
  `TenPhanLoai` varchar(255) DEFAULT NULL,
  PRIMARY KEY (`idPhanLoai`)
) ENGINE=InnoDB DEFAULT CHARSET=utf8mb4 COLLATE=utf8mb4_0900_ai_ci;

-- Dumping data for table coffee.phanloai: ~4 rows (approximately)
INSERT INTO `phanloai` (`idPhanLoai`, `TenPhanLoai`) VALUES
	(1, 'C√† ph√™'),
	(2, 'ƒê·ªì u·ªëng'),
	(3, 'Tr√°ng mi·ªáng'),
	(4, 'ƒê·ªì ƒÉn v·∫∑t');

-- Dumping structure for table coffee.sanpham
CREATE TABLE IF NOT EXISTS `sanpham` (
  `idsanpham` int NOT NULL AUTO_INCREMENT,
  `TenSanPham` varchar(255) NOT NULL,
  `SoLuong` float DEFAULT NULL,
  `GiaTien` float NOT NULL,
  `PhanLoai` varchar(255) NOT NULL,
  `TrangThai` varchar(45) NOT NULL,
  PRIMARY KEY (`idsanpham`)
) ENGINE=InnoDB AUTO_INCREMENT=37 DEFAULT CHARSET=utf8mb4 COLLATE=utf8mb4_0900_ai_ci;

-- Dumping data for table coffee.sanpham: ~30 rows (approximately)
INSERT INTO `sanpham` (`idsanpham`, `TenSanPham`, `SoLuong`, `GiaTien`, `PhanLoai`, `TrangThai`) VALUES
	(1, 'C√† ph√™ Capuccino', 20, 25000, 'C√† Ph√™', 'Ho·∫°t ƒë·ªông'),
	(2, 'C√† ph√™ Espresso', 20, 25000, 'C√† ph√™', 'Ho·∫°t ƒë·ªông'),
	(3, 'C√† ph√™ s·ªØa ƒë√°', 20, 25000, 'C√† ph√™', 'Ho·∫°t ƒë·ªông'),
	(4, 'C√† ph√™ Latte', 20, 25000, 'C√† ph√™', 'Ho·∫°t ƒë·ªông'),
	(5, 'C√† ph√™ kem s·ªØa', 20, 25000, 'C√† ph√™', 'Ho·∫°t ƒë·ªông'),
	(6, 'c√† ph√™ tr·ª©ng', 20, 25000, 'C√† ph√™', 'Ho·∫°t ƒë·ªông'),
	(7, 'C√† ph√™ mu·ªëi', 20, 25000, 'C√† ph√™', 'Ho·∫°t ƒë·ªông'),
	(8, 'C√† ph√™ kem', 20, 25000, 'C√† ph√™', 'Ho·∫°t ƒë·ªông'),
	(9, 'N∆∞·ªõc d√¢u', 20, 20000, 'ƒê·ªì u·ªëng', 'Ho·∫°t ƒë·ªông'),
	(10, 'N∆∞·ªõc cam', 20, 20000, 'ƒê·ªì u·ªëng', 'Ho·∫°t ƒë·ªông'),
	(11, 'N∆∞·ªõc chanh leo', 20, 20000, 'ƒê·ªì u·ªëng', 'Ho·∫°t ƒë·ªông'),
	(12, 'Tr√† lipton', 20, 20000, 'ƒê·ªì u·ªëng', 'Ho·∫°t ƒë·ªông'),
	(13, 'N∆∞·ªõc vi·ªát qu·∫•t', 20, 20000, 'ƒê·ªì u·ªëng', 'Ho·∫°t ƒë·ªông'),
	(14, 'Tr√† qu·∫ø', 20, 20000, 'ƒê·ªì u·ªëng', 'Ho·∫°t ƒë·ªông'),
	(15, 'N∆∞·ªõc chanh', 20, 20000, 'ƒê·ªì u·ªëng', 'Ho·∫°t ƒë·ªông'),
	(16, 'Tr√† b·∫°c h√† chanh', 20, 20000, 'ƒê·ªì u·ªëng', 'Ho·∫°t ƒë·ªông'),
	(17, 'Pudding D√¢u', 20, 15000, 'Tr√°ng mi·ªáng', 'Ho·∫°t ƒë·ªông'),
	(18, 'B√°nh chocolate', 20, 15000, 'Tr√°ng mi·ªáng', 'Ho·∫°t ƒë·ªông'),
	(19, 'b√°nh chanh leo', 20, 15000, 'Tr√°ng mi·ªáng', 'Ho·∫°t ƒë·ªông'),
	(20, 'b√°nh waffle d√¢u', 20, 15000, 'Tr√°ng mi·ªáng', 'Ho·∫°t ƒë·ªông'),
	(21, 'B√°nh Cupcake', 20, 15000, 'Tr√°ng mi·ªáng', 'Ho·∫°t ƒë·ªông'),
	(22, 'b√°nh waffle m·∫≠t ong', 20, 15000, 'Tr√°ng mi·ªáng', 'Ho·∫°t ƒë·ªông'),
	(23, 'B√°nh chocolate kem', 20, 15000, 'Tr√°ng mi·ªáng', 'Ho·∫°t ƒë·ªông'),
	(24, 'B√°nh chocolate ch·∫£y', 20, 15000, 'Tr√°ng mi·ªáng', 'Ho·∫°t ƒë·ªông'),
	(25, 'H·∫°t d·∫ª', 20, 10000, 'ƒê·ªì ƒÉn v·∫∑t', 'Ho·∫°t ƒë·ªông'),
	(26, 'Kh√¥ g√†', 20, 20000, 'ƒê·ªì ƒÉn v·∫∑t', 'Ho·∫°t ƒë·ªông'),
	(27, 'C∆°m ch√°y', 20, 20000, 'ƒê·ªì ƒÉn v·∫∑t', 'Ho·∫°t ƒë·ªông'),
	(28, 'Kh√¥ heo', 20, 20000, 'ƒê·ªì ƒÉn v·∫∑t', 'Ho·∫°t ƒë·ªông'),
	(29, 'B√°nh tr√°ng', 20, 15000, 'ƒê·ªì ƒÉn v·∫∑t', 'Ho·∫°t ƒë·ªông'),
	(30, 'B√°nh g·∫°o', 20, 15000, 'ƒê·ªì ƒÉn v·∫∑t', 'Ho·∫°t ƒë·ªông');

-- Dumping structure for table coffee.taikhoan
CREATE TABLE IF NOT EXISTS `taikhoan` (
  `idTaiKhoan` int NOT NULL AUTO_INCREMENT,
  `HoTen` varchar(255) DEFAULT NULL,
  `sdt` varchar(11) DEFAULT NULL,
  `MatKhau` char(100) DEFAULT NULL,
  `DiaChi` varchar(255) DEFAULT NULL,
  `ChucVu` varchar(45) DEFAULT 'Kh√°ch h√†ng',
  PRIMARY KEY (`idTaiKhoan`)
) ENGINE=InnoDB AUTO_INCREMENT=4 DEFAULT CHARSET=utf8mb4 COLLATE=utf8mb4_0900_ai_ci;

-- Dumping data for table coffee.taikhoan: ~3 rows (approximately)
INSERT INTO `taikhoan` (`idTaiKhoan`, `HoTen`, `sdt`, `MatKhau`, `DiaChi`, `ChucVu`) VALUES
	(1, 'Nguy·ªÖn VƒÉn B·∫£o Long', '0917275715', '$2y$12$o0DaPc/wcQkE0BmTU.o/SuFcoAVjm5VWKEF9EDwSQw2E1e366AAYm', NULL, 'Kh√°ch h√†ng'),
	(2, 'L√™ M·ªπ Dung', '0769226116', '$2y$12$jNj.Hk5zbMCqps87n6z9OOKp24Qu2qAPZNg2CJBvrRBu1hHLXijr.', NULL, 'Kh√°ch h√†ng'),
	(3, 'Qu·∫£n l√Ω', '1234567890', '$2y$12$pex6jdTcwiY3KYwV0vJ4duB75yMwSQzhqXXq2VesCkb0EPsZSu/oe', NULL, 'Qu·∫£n l√Ω');

/*!40103 SET TIME_ZONE=IFNULL(@OLD_TIME_ZONE, 'system') */;
/*!40101 SET SQL_MODE=IFNULL(@OLD_SQL_MODE, '') */;
/*!40014 SET FOREIGN_KEY_CHECKS=IFNULL(@OLD_FOREIGN_KEY_CHECKS, 1) */;
/*!40101 SET CHARACTER_SET_CLIENT=@OLD_CHARACTER_SET_CLIENT */;
/*!40111 SET SQL_NOTES=IFNULL(@OLD_SQL_NOTES, 1) */;

-- Dumping structure for table coffee.datban
CREATE TABLE IF NOT EXISTS datban (
  id int NOT NULL AUTO_INCREMENT,
  HoTen varchar(255) NOT NULL,
  sdt varchar(11) NOT NULL,
  SoNguoi int NOT NULL,
  NgayDat date NOT NULL,
  GioDat time NOT NULL,
  GhiChu text,
  TrangThai varchar(255) DEFAULT '–?i x·c nh?n',
  ThoiGianTao datetime DEFAULT CURRENT_TIMESTAMP,
  PRIMARY KEY (id)
) ENGINE=InnoDB DEFAULT CHARSET=utf8mb4 COLLATE=utf8mb4_0900_ai_ci;

